id,plan_name,location,iso3,type,year,Total incoming funding:,Total original requirements:,Total current requirements:,Coverage:,Total pledges:,Notes
398,occupied Palestinian territory 2013,occupied Palestinian territory,PSE,CAP,2013,270047918,374277416,400839740,67%,13439235,
399,Afghanistan 2013,Afghanistan,AFG,CAP,2013,345246607,471463529,474428380,73%,324000,
400,Burkina Faso 2013,Burkina Faso,BFA,CAP,2013,76004187,135540819,138977186,55%,0,
401,Central African Republic 2013,Central African Republic,CAF,CAP,2013,102801363,129311203,195136527,53%,0,
402,Chad 2013,Chad,TCD,CAP,2013,297860990,500512658,509937289,58%,433000,
403,Democratic Republic of the Congo 2013,"Congo, The Democratic Republic of the",COD,CAP,2013,629381833,892643970,892643970,71%,4651170,
404,Djibouti 2013,Djibouti,DJI,CAP,2013,24753575,71670661,69982984,35%,0,
405,Iraq 2014,Iraq,IRQ,Humanitarian response plan,2014,788873272,103742377,1113276782,71%,0,
406,Kenya Emergency Humanitarian Response Plan 2013,Kenya,KEN,CAP,2013,372462747,743545979,663311782,56%,0,
407,Mali 2013,Mali,MLI,CAP,2013,264726309,369899258,476926521,56%,250000,
408,Mauritania 2013,Mauritania,MRT,CAP,2013,88512172,179835908,106793308,83%,0,
409,Niger 2013,Niger,NER,CAP,2013,288128878,354414493,355277959,81%,0,
410,Philippines Mindanao Action Plan 2013,Philippines,PHL,CAP,2013,53544941,35491800,95508967,56%,0,
411,Republic of South Sudan 2013,South Sudan,SSD,CAP,2013,771920359,1157010851,1072037430,72%,781292,
412,Somalia 2013,Somalia,SOM,CAP,2013,586131426,1332496301,1153087668,51%,2500000,
413,Sudan 2013,Sudan,SDN,CAP,2013,550846869,984123193,985120878,56%,0,
414,Yemen Humanitarian Response Plan 2013,Yemen,YEM,CAP,2013,395844880,716572720,705769562,56%,200000,
415,Zimbabwe 2013,Zimbabwe,ZWE,Other,2013,76494116,131419709,146971839,52%,0,
419,Cuba Plan of Action 2012 - 2013 (November 2012 - December 2013),Cuba,CUB,Other,2013,12250508,30591446,30392419,40%,0,
420,Myanmar - Rakhine Response Plan 2012-2013 (July 2012 - December 2013),Myanmar,MMR,Other,2013,89055457,32503311,109309173,81%,0,
421,Syria Humanitarian Assistance Response Plan (SHARP) 2013,Syrian Arab Republic,SYR,CAP,2013,959284768,519627047,1409812466,68%,0,
422,Haiti Humanitarian Action Plan 2013,Haiti,HTI,CAP,2013,72771635,144267000,152343810,48%,0,
423,Syria Regional Refugee Response Plan (RRP) 2013,"Jordan, Iraq, Türkiye, Egypt, Lebanon","JOR, IRQ, TUR, EGY, LBN",Regional response plan,2013,2180971363,1044112554,2981640112,73%,100000,
424,Myanmar - Kachin Response Plan 2013 (March - December 2013),Myanmar,MMR,Other,2013,26977971,50907000,51297000,53%,0,
425,Republic of South Sudan - Crisis Response Plan 2014,South Sudan,SSD,Humanitarian response plan,2014,1594424513,1101369452,1801753424,88%,0,
426,Afghanistan 2014,Afghanistan,AFG,Humanitarian response plan,2014,365623700,406429895,406429895,90%,0,
427,Democratic Republic of the Congo 2014,"Congo, The Democratic Republic of the",COD,Humanitarian response plan,2014,394191520,832097250,832097250,47%,0,
428,Niger Plan de Réponse Stratégique 2014,Niger,NER,Humanitarian response plan,2014,207453689,390922652,305236428,68%,1270648,
429,Central African Republic 2014,Central African Republic,CAF,Humanitarian response plan,2014,378944505,246772031,555425562,68%,0,
430,Chad 2014,Chad,TCD,Humanitarian response plan,2014,226544292,527350382,618458074,37%,0,
431,Djibouti 2014,Djibouti,DJI,Humanitarian response plan,2014,20796110,74085087,74085087,28%,0,
432,Haiti Humanitarian Action Plan 2014,Haiti,HTI,Humanitarian response plan,2014,126466687,168974256,157454953,80%,0,
433,Mali 2014,Mali,MLI,Humanitarian response plan,2014,238670069,568416225,481021163,50%,200000,
434,Mauritania 2014,Mauritania,MRT,Humanitarian response plan,2014,63051283,107927077,90922853,69%,0,
435,occupied Palestinian territory 2014,occupied Palestinian territory,PSE,Humanitarian response plan,2014,506977015,390338824,931086454,54%,0,
436,Somalia 2014,Somalia,SOM,Humanitarian response plan,2014,457905960,933070303,933070303,49%,1684380,
437,Sudan Humanitarian Work Plan 2014,Sudan,SDN,Humanitarian response plan,2014,551070132,995517357,985696822,56%,0,
438,Yemen 2014,Yemen,YEM,Humanitarian response plan,2014,357937349,591616992,595983384,60%,0,
439,Burkina Faso 2014,Burkina Faso,BFA,Humanitarian response plan,2014,49237766,109281921,99333722,50%,3600000,
440,Philippines - Bohol Earthquake Action Plan (October 2013 - April 2014),Philippines,PHL,Flash appeal,2014,16568850,46758966,33828939,49%,0,
441,Philippines - Typhoon Haiyan Strategic Response Plan (November 2013 - October 2014),Philippines,PHL,Humanitarian response plan,2014,469919585,307637263,775748656,61%,14784028,
442,Syria Humanitarian Assistance Response Plan (SHARP) 2014,Syrian Arab Republic,SYR,Humanitarian response plan,2014,1149470585,2276149354,2256199013,51%,3803270,
443,Syria Regional Refugee Response Plan (RRP) 2014,"Jordan, Iraq, Türkiye, Egypt, Lebanon","JOR, IRQ, TUR, EGY, LBN",Regional response plan,2014,2380477948,4264717711,3740654701,64%,495766,
444,Gambia 2014,Gambia,GMB,Humanitarian response plan,2014,4386229,25983666,18318686,24%,0,
445,Senegal 2014,Senegal,SEN,Humanitarian response plan,2014,20902145,122098777,64133225,33%,0,
446,Cameroon 2014,Cameroon,CMR,Humanitarian response plan,2014,73230833,48462739,125770226,58%,11735870,
447,Nigeria 2014,Nigeria,NGA,Humanitarian response plan,2014,17794549,74860697,93397393,19%,0,
448,Sahel Regional 2014,"Mali, Niger, Nigeria, Senegal, Burkina Faso, Chad, Gambia, Mauritania, Cameroon","MLI, NER, NGA, SEN, BFA, TCD, GMB, MRT, CMR",Humanitarian response plan,2014,23273308,49759871,49759871,47%,0,
449,Myanmar 2014,Myanmar,MMR,Humanitarian response plan,2014,128975461,192023000,192023000,67%,0,
450,Republic of Congo 2014,Congo,COG,Humanitarian response plan,2014,5163880,14269108,14269108,36%,0,
451,"South Sudan Regional Refugee Response Plan (Ethiopia, Kenya, Sudan and Uganda) 2014","Ethiopia, Kenya, Uganda, Sudan","ETH, KEN, UGA, SDN",Regional response plan,2014,355377564,370777164,657669609,54%,0,
452,Philippines- Zamboanga crisis (October 2013-August 2014),Philippines,PHL,Humanitarian response plan,2014,5977854,0,12795882,47%,0,
453,"Ebola Virus Outbreak - Overview of Needs and Requirements (inter-agency plan for Guinea, Liberia, Sierra Leone, Region) - October 2014 - June 2015","Liberia, Guinea, Sierra Leone","LBR, GIN, SLE",Other,2014,1564783383,987844154,2270000000,69%,140060837,
454,Libya Humanitarian Appeal October 2014- May 2015,Libya,LBY,Humanitarian response plan,2015,12158640,35738580,35738580,34%,180000,
455,Republic of South Sudan 2015,South Sudan,SSD,Humanitarian response plan,2015,1064853227,1807069154,1635521095,65%,453847953,
456,Somalia 2015,Somalia,SOM,Humanitarian response plan,2015,369491289,862579628,862579628,43%,0,
457,Democratic Republic of the Congo 2015,"Congo, The Democratic Republic of the",COD,Humanitarian response plan,2015,390542616,692000000,692000000,56%,0,
458,Myanmar 2015,Myanmar,MMR,Humanitarian response plan,2015,133923386,265044894,265044894,51%,43000,
459,occupied Palestinian territory 2015,occupied Palestinian territory,PSE,Humanitarian response plan,2015,397911825,705288765,706051110,56%,726049,
460,Sudan 2015,Sudan,SDN,Humanitarian response plan,2015,578228027,1035894093,1035894093,56%,0,
461,Syria Response Plan 2015,Syrian Arab Republic,SYR,Humanitarian response plan,2015,1246812875,2893444593,2893444593,43%,25832662,
462,Afghanistan 2015,Afghanistan,AFG,Humanitarian response plan,2015,319427000,405400000,416666132,77%,0,
463,Central African Republic 2015,Central African Republic,CAF,Humanitarian response plan,2015,311252375,612958926,612958926,51%,0,
464,Ukraine 2015,Ukraine,UKR,Humanitarian response plan,2015,173400221,189125000,316000000,55%,3998106,
465,Burkina Faso 2015,Burkina Faso,BFA,Humanitarian response plan,2015,30631658,98761764,98761764,31%,0,
466,Cameroon 2015,Cameroon,CMR,Humanitarian response plan,2015,129246961,264023457,264023457,49%,0,
467,Chad 2015,Chad,TCD,Humanitarian response plan,2015,273912299,571597807,571597807,48%,553636,
468,Gambia 2015,Gambia,GMB,Humanitarian response plan,2015,1070709,23687972,23687972,5%,0,
469,Mali 2015,Mali,MLI,Humanitarian response plan,2015,132019390,377381530,377381530,35%,0,
470,Mauritania 2015,Mauritania,MRT,Humanitarian response plan,2015,52157185,105171809,94565988,55%,0,
471,Niger 2015,Niger,NER,Humanitarian response plan,2015,209557014,375720263,375720263,56%,0,
472,Nigeria 2015,Nigeria,NGA,Humanitarian response plan,2015,57989983,100263495,100263495,58%,0,
473,Senegal 2015,Senegal,SEN,Humanitarian response plan,2015,12701130,59427358,59427358,21%,0,
474,Sahel Regional 2015,"Mali, Niger, Nigeria, Senegal, Burkina Faso, Chad, Gambia, Mauritania, Cameroon","MLI, NER, NGA, SEN, BFA, TCD, GMB, MRT, CMR",Humanitarian response plan,2015,1583424,10336405,10336405,15%,0,
475,Ukraine PRP 2014,Ukraine,UKR,Flash appeal,2014,32665901,33201996,33201996,98%,95204,
477,Yemen 2015,Yemen,YEM,Humanitarian response plan,2015,874179946,747517644,1600821448,55%,2972301,
478,Guatemala 2015,Guatemala,GTM,Flash appeal,2015,398896,23806581,23806581,2%,0,
479,Honduras 2015,Honduras,HND,Flash appeal,2015,0,13200000,13200000,0%,0,
480,Syria regional refugee and resilience plan (3RP) 2015,"Jordan, Iraq, Türkiye, Egypt, Lebanon","JOR, IRQ, TUR, EGY, LBN",Regional response plan,2015,2781699249,4533248258,4319944557,64%,13470137,
481,"South Sudan regional refugee response plan 2015 (Ethiopia, Kenya, Uganda components)","Ethiopia, Kenya, Uganda","ETH, KEN, UGA",Regional response plan,2015,211330147,657794079,657794079,32%,0,
482,Djibouti 2015,Djibouti,DJI,Humanitarian response plan,2015,17367590,82001876,82001876,21%,20964,
483,Humanitarian Action Plan/ERP for Vanuatu,Vanuatu,VUT,Flash appeal,2015,21875957,29877779,37717721,58%,0,
484,Iraq 2015,Iraq,IRQ,Humanitarian response plan,2015,518620961,1122873013,704285754,74%,22030000,
485,DPR Korea Needs and Priorities 2015,"Korea, Democratic People's Republic of",PRK,Other,2015,23415905,110895000,110895000,21%,0,
486,Nepal Earthquake Flash Appeal 2015,Nepal,NPL,Flash appeal,2015,280243624,437694000,421862342,66%,726308,
487,Libya 2015-2016,Libya,LBY,Humanitarian response plan,2016,67351656,165576804,172466804,39%,3936471,
488,Burkina Faso 2016,Burkina Faso,BFA,Humanitarian response plan,2016,54818928,90524923,90524923,61%,0,
489,Haiti 2015 Urgent Request for Humanitarian Funding,Haiti,HTI,Flash appeal,2015,13300781,25520762,25520762,52%,0,
490,Cameroon 2016,Cameroon,CMR,Humanitarian response plan,2016,159411253,282178352,232209685,69%,0,
491,Chad 2016,Chad,TCD,Humanitarian response plan,2016,281819021,566558928,541328374,52%,0,
492,Gambia 2016,Gambia,GMB,Humanitarian response plan,2016,440225,11454114,11454114,4%,0,
493,Mali 2016,Mali,MLI,Humanitarian response plan,2016,146233710,354052695,354052695,41%,0,
494,Mauritania 2016,Mauritania,MRT,Humanitarian response plan,2016,23237458,89209521,89209521,26%,0,
495,Niger 2016,Niger,NER,Humanitarian response plan,2016,132659472,315985017,260473199,51%,0,
496,Nigeria 2016,Nigeria,NGA,Humanitarian response plan,2016,270868013,247907718,484179598,56%,0,
497,Sahel 2016,"Mali, Niger, Nigeria, Senegal, Burkina Faso, Chad, Gambia, Mauritania, Cameroon","MLI, NER, NGA, SEN, BFA, TCD, GMB, MRT, CMR",Humanitarian response plan,2016,1194609,4900000,4900000,24%,0,
498,Senegal 2016,Senegal,SEN,Humanitarian response plan,2016,6525555,19917087,19917087,33%,0,
500,Iraq 2016,Iraq,IRQ,Humanitarian response plan,2016,758263602,860544743,860544743,88%,0,
501,Syria Humanitarian Response Plan 2016,Syrian Arab Republic,SYR,Humanitarian response plan,2016,1729879261,3184409473,3193669810,54%,17810218,
502,Republic of South Sudan 2016,South Sudan,SSD,Humanitarian response plan,2016,1162668495,1285860205,1291081324,90%,0,
503,Djibouti 2016,Djibouti,DJI,Humanitarian response plan,2016,26233730,74802183,74802183,35%,0,
504,occupied Palestinian territory 2016,occupied Palestinian territory,PSE,Humanitarian response plan,2016,283756219,571414014,570702496,50%,0,
505,Somalia 2016,Somalia,SOM,Humanitarian response plan,2016,506861001,946867920,960294531,53%,4036327,
506,Haiti 2016,Haiti,HTI,Humanitarian response plan,2016,68468358,193786861,193786861,35%,0,
507,Ukraine 2016,Ukraine,UKR,Humanitarian response plan,2016,105289272,297907511,297907511,35%,4638875,
509,Guatemala 2016,Guatemala,GTM,Humanitarian response plan,2016,15938844,56690000,56690000,28%,0,
510,Honduras 2016,Honduras,HND,Humanitarian response plan,2016,5979788,44150000,44150000,14%,0,
511,Democratic Republic of the Congo 2016,"Congo, The Democratic Republic of the",COD,Humanitarian response plan,2016,414772852,690000000,690000000,60%,0,
512,Afghanistan 2016,Afghanistan,AFG,Humanitarian response plan,2016,295256323,338833024,338833024,87%,0,
513,Yemen Humanitarian Response Plan 2016,Yemen,YEM,Humanitarian response plan,2016,1026177227,1632652363,1632652363,63%,3625000,
514,Syria regional refugee and resilience plan (3RP) 2016,"Jordan, Iraq, Türkiye, Egypt, Lebanon","JOR, IRQ, TUR, EGY, LBN",Regional response plan,2016,2756240902,4552032036,4539342335,61%,1000000,
515,Myanmar 2016,Myanmar,MMR,Humanitarian response plan,2016,111248453,189500000,189500000,59%,534236,
516,Fiji Tropical Cyclone Flash Appeal 2016,Fiji,FJI,Flash appeal,2016,21804002,38630049,38630049,56%,0,
517,Central African Republic 2016,Central African Republic,CAF,Humanitarian response plan,2016,196310154,531500000,531500000,37%,0,
518,Burundi 2016,Burundi,BDI,Humanitarian response plan,2016,61573090,62300000,62300000,99%,0,
519,Zimbabwe Humanitarian Response Plan 2016,Zimbabwe,ZWE,Humanitarian response plan,2016,170923169,359861529,352318995,49%,0,
520,Sudan 2016,Sudan,SDN,Humanitarian response plan,2016,566363681,952191245,971776614,58%,0,
521,DPR Korea Needs and Priorities 2016,"Korea, Democratic People's Republic of",PRK,Other,2016,37878003,121734022,142036722,27%,2189781,
522,Ecuador Earthquake Flash Appeal 2016,Ecuador,ECU,Flash appeal,2016,27553006,72750000,72812862,38%,100000,
523,Mosul Flash Appeal 2016,Iraq,IRQ,Flash appeal,2016,278628854,283700000,283700000,98%,0,
524,Libya - Sirte Flash Appeal 2016,Libya,LBY,Flash appeal,2016,499057,10177314,10676371,5%,0,
525,Afghanistan Flash Appeal: One million people on the move (September - December 2016),Afghanistan,AFG,Flash appeal,2016,68494988,152100000,152100000,45%,4032324,
526,Syria Humanitarian Response Plan 2017,Syrian Arab Republic,SYR,Humanitarian response plan,2017,1906012989,3407792269,3351303574,57%,1005651,
527,Haiti Flash Appeal: Hurricane Matthew 2016,Haiti,HTI,Flash appeal,2016,86399238,119850000,139026849,62%,0,
528,Somalia 2017,Somalia,SOM,Humanitarian response plan,2017,1032342786,865665164,1507846515,68%,0,
529,occupied Palestinian territory 2017,occupied Palestinian territory,PSE,Humanitarian response plan,2017,258817158,551126643,551876643,47%,0,
530,Niger 2017,Niger,NER,Humanitarian response plan,2017,229812191,271346996,287273789,80%,0,
531,Ukraine Humanitarian Response Plan 2017,Ukraine,UKR,Humanitarian response plan,2017,74606618,214058212,203608611,37%,313713,
532,Chad 2017,Chad,TCD,Humanitarian response plan,2017,242674695,588608263,588608263,41%,0,
533,Libya 2017,Libya,LBY,Humanitarian response plan,2017,107693330,151013476,151013476,71%,0,
534,2016 Europe Situation -Regional Refugee and Migrant Response,"Croatia, North Macedonia, Republic of, Slovenia, Türkiye, Serbia, Greece","HRV, MKD, SVN, TUR, SRB, GRC",Other,2016,567434834,669867114,669867114,85%,0,
535,Mali 2017,Mali,MLI,Humanitarian response plan,2017,142178003,293098319,304734494,47%,0,
536,Nigeria 2017,Nigeria,NGA,Humanitarian response plan,2017,770220838,1054431494,1054431494,73%,0,
537,Cameroon 2017,Cameroon,CMR,Humanitarian response plan,2017,117510082,309643212,238094671,49%,0,
538,Republic of South Sudan 2017,South Sudan,SSD,Humanitarian response plan,2017,1167694337,1639694893,1639694893,71%,0,
539,Djibouti 2017,Djibouti,DJI,Humanitarian response plan,2017,11719140,42977698,42977698,27%,0,
540,Pakistan Humanitarian Strategic Plan 2017,Pakistan,PAK,Other,2017,125124955,339403724,339403724,37%,0,
541,Burundi 2017,Burundi,BDI,Humanitarian response plan,2017,47586669,73700000,73700000,65%,0,
542,Yemen Humanitarian Response Plan 2017,Yemen,YEM,Humanitarian response plan,2017,1756358504,2067662020,2338796140,75%,5905512,
543,Haiti 2017,Haiti,HTI,Humanitarian response plan,2017,77366380,291459691,192223638,40%,0,
544,Afghanistan 2017,Afghanistan,AFG,Humanitarian response plan,2017,331375116,409413812,409413812,81%,0,
545,Myanmar 2017,Myanmar,MMR,Humanitarian response plan,2017,110379682,150300000,150300000,73%,0,
546,Senegal 2017,Senegal,SEN,Humanitarian response plan,2017,3064159,15808722,15808722,19%,0,
547,Mauritania 2017,Mauritania,MRT,Humanitarian response plan,2017,26177729,74500000,74500000,35%,0,
548,Burkina Faso 2017,Burkina Faso,BFA,Humanitarian response plan,2017,29678897,61089000,61089000,49%,0,
549,Central African Republic 2017,Central African Republic,CAF,Humanitarian response plan,2017,226285146,497300000,497300000,46%,0,
550,Iraq 2017,Iraq,IRQ,Humanitarian response plan,2017,937472869,984647064,984647064,95%,0,
551,2017 Europe Situation - Regional Refugee and Migrant Response,,,Other,2017,408617473,690935692,690935692,59%,0,
552,Syria regional refugee and resilience plan (3RP) 2017,"Jordan, Iraq, Türkiye, Egypt, Lebanon","JOR, IRQ, TUR, EGY, LBN",Regional response plan,2017,3036003611,5575937077,5575937077,54%,0,
584,Sudan 2017,Sudan,SDN,Humanitarian response plan,2017,477631025,803966226,803966226,59%,0,
586,Mozambique Cyclone Dineo Flash Appeal 2017,Mozambique,MOZ,Flash appeal,2017,4929089,10246400,10246400,48%,0,
587,Democratic Republic of the Congo 2017,"Congo, The Democratic Republic of the",COD,Humanitarian response plan,2017,478324965,812614297,812614297,59%,0,
588,Ethiopia 2017,Ethiopia,ETH,Humanitarian response plan,2017,660075252,1417400000,1417400000,47%,0,
589,Kenya Flash Appeal 2017,Kenya,KEN,Flash appeal,2017,157687513,165767183,119865259,132%,0,
590,Madagascar Flash Appeal 2017,Madagascar,MDG,Flash appeal,2017,13512709,20067549,20067549,67%,0,
592,DPR Korea Needs and Priorities 2017,"Korea, Democratic People's Republic of",PRK,Other,2017,35442343,113502775,113502775,31%,0,
593,Peru Flash Appeal 2017,Peru,PER,Flash appeal,2017,11318359,39472408,39472408,29%,0,
626,Republic of Congo 2017,Congo,COG,Humanitarian response plan,2017,11057726,23700000,23700000,47%,0,
628,Bangladesh: Rohingya Refugee Crisis 2017,Bangladesh,BGD,Other,2017,316465567,77099347,434072000,73%,1170331,
629,Syria Humanitarian Response Plan 2018,Syrian Arab Republic,SYR,Humanitarian response plan,2018,2105655152,3513803946,3364410629,63%,391090,
630,Hurricane Irma: Regional Response Plan for the Caribbean Region (Sep to Dec 2017),"Antigua and Barbuda, Saint Martin (France), Bahamas, Anguilla (United Kingdom), Turks and Caicos Islands, Virgin Islands, British, Saint Barthélemy (France), Saint Kitts and Nevis, Sint Maarten (Dutch part)","ATG, MAF, BHS, AIA, TCA, VGB, BLM, KNA, SXM",Other,2017,4433208,27054496,27054496,16%,0,
631,Cuba Plan of Action 2017,Cuba,CUB,Other,2017,13612830,60572174,55572174,24%,0,
632,Dominica Flash Appeal 2017,Dominica,DMA,Flash appeal,2017,20872210,31116613,31116613,67%,0,
633,Occupied Palestinian Territory 2018 (part of 2018-2020 HRP),occupied Palestinian territory,PSE,Humanitarian response plan,2018,241990393,539721755,539721755,45%,0,
634,Iraq 2018,Iraq,IRQ,Humanitarian response plan,2018,555925341,568745625,568745625,98%,0,
635,Sudan 2018,Sudan,SDN,Humanitarian response plan,2018,611793451,1007555093,1007555093,61%,0,
636,Libya 2018,Libya,LBY,Humanitarian response plan,2018,78197569,312740102,312740102,25%,0,
637,Chad 2018,Chad,TCD,Humanitarian response plan,2018,249428720,543769241,543769241,46%,0,
638,Mali 2018,Mali,MLI,Humanitarian response plan,2018,178987000,247073801,329565482,54%,0,
639,Burundi 2018,Burundi,BDI,Humanitarian response plan,2018,81712616,141814441,141814441,58%,0,
640,Cameroon 2018,Cameroon,CMR,Humanitarian response plan,2018,144311006,304524867,319676453,45%,0,
641,Ukraine Humanitarian Response Plan 2018,Ukraine,UKR,Humanitarian response plan,2018,70898032,186909122,186909122,38%,0,
642,Nigeria 2018,Nigeria,NGA,Humanitarian response plan,2018,722962750,1047768587,1047768587,69%,0,
643,Niger 2018,Niger,NER,Humanitarian response plan,2018,179539906,329483843,338303089,53%,0,
644,Somalia 2018,Somalia,SOM,Humanitarian response plan,2018,938200608,1542514570,1542514570,61%,0,
645,Afghanistan 2018,Afghanistan,AFG,Humanitarian response plan,2018,465432678,598923998,598923998,78%,0,
646,Republic of South Sudan 2018,South Sudan,SSD,Humanitarian response plan,2018,1206352709,1717890485,1717890485,70%,25694,
648,Pakistan Transition Plan: Humanitarian Component 2018,Pakistan,PAK,Other,2018,75652885,123004259,123004259,62%,554408,
649,Haiti 2018,Haiti,HTI,Humanitarian response plan,2018,29602801,252200142,252200142,12%,0,
651,Central African Republic 2018,Central African Republic,CAF,Humanitarian response plan,2018,280397310,515600000,515600000,54%,2697410,
652,Democratic Republic of the Congo 2018,"Congo, The Democratic Republic of the",COD,Humanitarian response plan,2018,824951436,1675200000,1675200000,49%,0,
653,Burkina Faso 2018,Burkina Faso,BFA,Other,2018,56016914,90291110,90291110,62%,0,
654,Senegal 2018,Senegal,SEN,Other,2018,7540157,16833024,16833024,45%,0,
655,Myanmar 2018,Myanmar,MMR,Humanitarian response plan,2018,138020304,183400000,183400000,75%,0,
656,Bangladesh: Rohingya Refugee Crisis Joint Response Plan 2018,Bangladesh,BGD,Other,2018,688134210,950834205,950834205,72%,0,
657,Yemen 2018,Yemen,YEM,Humanitarian response plan,2018,2512155045,3108067800,3108067800,81%,0,
658,Syria regional refugee and resilience plan (3RP) 2018,"Jordan, Iraq, Türkiye, Egypt, Lebanon","JOR, IRQ, TUR, EGY, LBN",Regional response plan,2018,3057840328,5608951510,5608951510,55%,0,
659,DPR Korea Needs and Priorities 2018,"Korea, Democratic People's Republic of",PRK,Other,2018,32516164,111217000,111217000,29%,0,
660,Ethiopia Humanitarian and Disaster Resilience Plan 2018,Ethiopia,ETH,Humanitarian response plan,2018,655870394,1177218620,1177218620,56%,0,
661,Mauritania 2018,Mauritania,MRT,Other,2018,71342209,116000000,116000000,62%,0,
662,Ukraine Humanitarian Response Plan (HRP) 2019,Ukraine,UKR,Humanitarian response plan,2019,85479543,161533655,164202538,52%,0,
663,Syrian Arab Republic Humanitarian Response Plan 2019,Syrian Arab Republic,SYR,Humanitarian response plan,2019,2107830886,3293416196,3293416196,64%,115592,
664,Occupied Palestinian Territory 2019 (part of 2018-2020 HRP),occupied Palestinian territory,PSE,Humanitarian response plan,2019,292549322,350589271,350589271,83%,359547,
665,Philippines: Marawi Conflict 2018,Philippines,PHL,Other,2018,14669560,61004152,61004152,24%,0,
667,Somalia 2019,Somalia,SOM,Humanitarian response plan,2019,891310195,1077453103,1077453103,83%,1633359,
668,Chad 2019,Chad,TCD,Humanitarian response plan,2019,277569588,474414390,474414390,59%,0,
669,Indonesia: Central Sulawesi Earthquake Response Plan 2018,Indonesia,IDN,Other,2018,30691990,50500000,50500000,61%,0,
670,Sudan 2019,Sudan,SDN,Humanitarian response plan,2019,605044446,1149139490,1149139490,53%,0,
671,Iraq 2019,Iraq,IRQ,Humanitarian response plan,2019,680827635,701854139,701854139,97%,0,
672,Afghanistan 2019,Afghanistan,AFG,Humanitarian response plan,2019,456122362,611759986,611759986,75%,0,
673,Democratic Republic of the Congo 2019,"Congo, The Democratic Republic of the",COD,Humanitarian response plan,2019,751089338,1653700000,1653700000,45%,0,
674,Central African Republic 2019,Central African Republic,CAF,Humanitarian response plan,2019,297742149,430700000,430700000,69%,6224871,
675,Yemen 2019,Yemen,YEM,Humanitarian response plan,2019,3641245662,4192680354,4192680354,87%,0,
676,Niger 2019,Niger,NER,Humanitarian response plan,2019,219169278,383101817,383101817,57%,0,
677,Ethiopia 2019,Ethiopia,ETH,Humanitarian response plan,2019,640955633,1025442203,844548490,76%,0,
678,Myanmar 2019,Myanmar,MMR,Humanitarian response plan,2019,180809849,202200000,214360000,84%,0,
679,Haiti 2019,Haiti,HTI,Humanitarian response plan,2019,40834339,126207627,126207627,32%,0,
712,Libya 2019,Libya,LBY,Humanitarian response plan,2019,99845621,201624438,201624438,50%,0,
713,South Sudan 2019,South Sudan,SSD,Humanitarian response plan,2019,1137655086,1507421344,1507421344,75%,0,
714,Nigeria 2019,Nigeria,NGA,Humanitarian response plan,2019,629986016,847703581,847703581,74%,1137656,
716,Mali 2019,Mali,MLI,Humanitarian response plan,2019,166073298,297639505,323953738,51%,0,
717,DPR Korea Needs and Priorities 2019,"Korea, Democratic People's Republic of",PRK,Other,2019,40655672,120345890,120345890,34%,0,
718,Cameroon 2019,Cameroon,CMR,Humanitarian response plan,2019,129756096,298882369,298882369,43%,0,
719,Bangladesh: 2019 Joint Response Plan for Rohingya Humanitarian Crisis (January-December),Bangladesh,BGD,Other,2019,691958903,919532129,919532129,75%,0,
720,Pakistan 2019,Pakistan,PAK,Other,2019,58325150,201961132,201961132,29%,918574,
721,Burundi 2019,Burundi,BDI,Humanitarian response plan,2019,74825206,106286557,106286557,70%,0,
722,Zimbabwe Flash Appeal 2019 / 2020,Zimbabwe,ZWE,Flash appeal,2019,243579788,293932789,467934732,52%,0,
724,Syrian Arab Republic Refugee Response and Resilience Plan (3RP) 2019,"Türkiye, Lebanon, Jordan, Iraq, Egypt","TUR, LBN, JOR, IRQ, EGY",Regional response plan,2019,2383381125,5515708323,5534930515,43%,1000000,
726,Regional Refugee and Migrant Response Plan (for Refugees and Migrants from Venezuela),"Brazil, Colombia, Ecuador, Aruba, Peru, Curaçao, Dominican Republic, Guyana, Trinidad and Tobago, Costa Rica, Mexico, Panama, Argentina, Chile, Uruguay, Paraguay","BRA, COL, ECU, ABW, PER, CUW, DOM, GUY, TTO, CRI, MEX, PAN, ARG, CHL, URY, PRY",Other,2019,401323659,737611378,737611378,54%,0,
727,Madagascar Flash Appeal 2019,Madagascar,MDG,Flash appeal,2019,31046011,32438095,32438095,96%,0,
761,Mozambique Humanitarian Response Plan 2019,Mozambique,MOZ,Humanitarian response plan,2019,314358433,440852044,620547627,51%,1698166,
794,Burkina Faso 2019,Burkina Faso,BFA,Other,2019,94909680,100310030,186965134,51%,0,
827,Venezuela 2019,"Venezuela, Bolivarian Republic of",VEN,Humanitarian response plan,2019,69925346,222724387,222724387,31%,1023541,
829,Islamic Republic of Iran: Floods Response Plan (April 2019),"Iran, Islamic Republic of",IRN,Other,2019,10741438,25000000,25000000,43%,0,
830,Ukraine 2020,Ukraine,UKR,Humanitarian response plan,2020,122263572,0,204653234,60%,43668,
831,Somalia 2020,Somalia,SOM,Humanitarian response plan,2020,808473534,1045017876,1009926527,80%,10356,
832,Occupied Palestinian Territory 2020 (part of 2018-2020 HRP),occupied Palestinian territory,PSE,Humanitarian response plan,2020,304504356,347976074,420381684,72%,29621,
865,South Sudan 2020,South Sudan,SSD,Humanitarian response plan,2020,1233767225,1547898229,1900799964,65%,118601,
866,Iraq 2020,Iraq,IRQ,Humanitarian response plan,2020,614300939,519802637,662168145,93%,248570,
869,Nigeria 2020,Nigeria,NGA,Humanitarian response plan,2020,626211979,996281653,1080446613,58%,0,
870,Sudan 2020,Sudan,SDN,Humanitarian response plan,2020,860588254,1349856804,1633403129,53%,27996,
906,Bangladesh: 2020 Joint Response Plan for Rohingya Humanitarian Crisis (January-December),Bangladesh,BGD,Regional response plan,2020,630164338,876661222,1058092856,60%,0,
907,Chad 2020,Chad,TCD,Humanitarian response plan,2020,298915144,545923185,664641160,45%,0,
908,Niger 2020,Niger,NER,Humanitarian response plan,2020,372959254,399985185,516074957,72%,0,
913,Mali 2020,Mali,MLI,Humanitarian response plan,2020,227828329,390892768,474292180,48%,0,
919,Democratic Republic of the Congo 2020,"Congo, The Democratic Republic of the",COD,Humanitarian response plan,2020,880078230,0,2069134820,43%,0,
920,Haiti 2020,Haiti,HTI,Humanitarian response plan,2020,152763815,253021922,471993035,32%,0,
921,Zimbabwe 2020,Zimbabwe,ZWE,Humanitarian response plan,2020,210030276,715776604,800670933,26%,0,
922,Burundi 2020,Burundi,BDI,Humanitarian response plan,2020,89049799,113500000,197893000,45%,0,
923,Central African Republic 2020,Central African Republic,CAF,Humanitarian response plan,2020,372000617,400810000,553622290,67%,5014137,
924,Syrian Arab Republic Humanitarian Response Plan 2020,Syrian Arab Republic,SYR,Humanitarian response plan,2020,2150337038,3421611547,3817532832,56%,10187002,
925,Yemen 2020,Yemen,YEM,Humanitarian response plan,2020,1992519406,3379144453,3382681703,59%,25000000,
927,Cameroon 2020,Cameroon,CMR,Humanitarian response plan,2020,193408116,321773057,390811257,49%,0,
928,Venezuela 2020,"Venezuela, Bolivarian Republic of",VEN,Humanitarian response plan,2020,181209352,674377198,762509363,24%,0,
929,Afghanistan 2020,Afghanistan,AFG,Humanitarian response plan,2020,598889234,732600000,1131050820,53%,0,
930,Burkina Faso 2020,Burkina Faso,BFA,Humanitarian response plan,2020,255339116,311628086,424357861,60%,0,
931,Libya 2020,Libya,LBY,Humanitarian response plan,2020,136840830,114852205,129846005,105%,0,
934,Myanmar 2020,Myanmar,MMR,Humanitarian response plan,2020,191435463,216450000,275300000,70%,0,
935,DPR Korea Needs and Priorities 2020,"Korea, Democratic People's Republic of",PRK,Other,2020,31589615,107000000,107000000,30%,0,
936,Ethiopia 2020,Ethiopia,ETH,Humanitarian response plan,2020,725222991,1001183284,1250804122,58%,0,
937,Zambia 2019 - 2020,Zambia,ZMB,Other,2020,27969390,89537019,89537019,31%,0,
939,Djibouti Flash Appeal 2019 - 2020,Djibouti,DJI,Flash appeal,2020,3862923,14251896,14251896,27%,0,
943,Syrian Arab Republic Refugee Response and Resilience Plan (3RP) 2020,"Egypt, Türkiye, Lebanon, Iraq, Jordan","EGY, TUR, LBN, IRQ, JOR",Regional response plan,2020,2391890633,0,5995975760,40%,0,
944,Refugee and Migrant Response Plan 2020 for Refugees and Migrants from Venezuela (RMRP,"Brazil, Colombia, Ecuador, Peru, Mexico, Chile, Dominican Republic, Trinidad and Tobago, Panama, Costa Rica, Paraguay, Aruba, Curaçao, Guyana, Argentina, Uruguay, Bolivia, Plurinational State of","BRA, COL, ECU, PER, MEX, CHL, DOM, TTO, PAN, CRI, PRY, ABW, CUW, GUY, ARG, URY, BOL",Regional response plan,2020,665277346,0,1407580167,47%,2000000,
945,Burundi Regional Refugee Response Plan 2020,"Tanzania, United Republic of, Rwanda, Uganda","TZA, RWA, UGA",Regional response plan,2020,46746126,275370681,267587482,17%,0,
946,Democratic Republic of the Congo Regional Refugee Response Plan 2020,"Zambia, Uganda, Tanzania, United Republic of, Rwanda, Congo, Angola","ZMB, UGA, TZA, RWA, COG, AGO",Regional response plan,2020,40700535,638709377,587387937,7%,589609,
947,South Sudan Regional Refugee Response Plan 2020,"Ethiopia, Kenya, Uganda","ETH, KEN, UGA",Regional response plan,2020,103559650,1341012287,1022278736,10%,0,
948,Lesotho Flash Appeal 2019-2020,Lesotho,LSO,Flash appeal,2020,13733857,33745000,33745000,41%,0,
950,Colombia 2020,Colombia,COL,Humanitarian response plan,2020,31440976,211400000,209700000,15%,0,
985,Colombia Intersectoral COVID-19 Response Plan 2020,Colombia,COL,Other,2020,34750996,197038395,283920647,12%,0,
986,Benin Intersectoral COVID Response Plan 2020,Benin,BEN,Other,2020,3346554,17230000,17930000,19%,0,
987,Iran Intersectoral COVID Response Plan 2020,"Iran, Islamic Republic of",IRN,Other,2020,74082356,89517812,117284681,63%,0,
988,Lebanon Intersectoral COVID Response Plan 2020,Lebanon,LBN,Other,2020,117862589,70704000,136500000,86%,0,
989,Liberia Intersectoral COVID Response Plan 2020,Liberia,LBR,Other,2020,7507918,57000000,57000000,13%,0,
990,Mozambique COVID-19 2020,Mozambique,MOZ,Other,2020,61669539,0,68105000,91%,1000000,
991,Pakistan Intersectoral COVID Response Plan 2020,Pakistan,PAK,Other,2020,81074399,126820000,145788878,56%,0,
992,Philippines Intersectoral COVID Response Plan 2020,Philippines,PHL,Other,2020,20662507,75303000,121767344,17%,0,
993,Sierra Leone Intersectoral COVID Response Plan 2020,Sierra Leone,SLE,Other,2020,20093035,60474837,62907725,32%,0,
994,Togo Intersectoral COVID Response Plan 2020,Togo,TGO,Other,2020,5190103,19382534,19757534,26%,0,
995,DPR Korea Intersectoral COVID Response Plan 2020,"Korea, Democratic People's Republic of",PRK,Other,2020,3501684,39692162,39692162,9%,0,
996,Global Operational Support COVID-19,Global,NA,Other,2020,288960300,376000000,376000000,77%,0,
997,Cabo Delgado Province Mozambique Rapid Response Plan 2020,Mozambique,MOZ,Other,2020,52136553,0,35454000,147%,0,
998,Bangladesh Intersectoral COVID-19 Response Plan 2020,Bangladesh,BGD,Other,2020,54099523,0,205934700,26%,250000,
999,Ecuador Intersectoral COVID-19 Response Plan 2020,Ecuador,ECU,Other,2020,19852674,46425000,46425000,43%,0,
1000,Kenya Intersectoral COVID-19 Response Plan 2020,Kenya,KEN,Other,2020,62447872,254870684,254870684,25%,0,
1001,Tanzania Intersectoral COVID-19 Response Plan 2020,"Tanzania, United Republic of",TZA,Other,2020,19017877,158874105,158874105,12%,0,
1002,Zambia Intersectoral COVID-19 Response Plan 2020,Zambia,ZMB,Other,2020,13196362,125612928,125612928,11%,0,
1003,Djibouti Intersectoral COVID-19 Response Plan 2020,Djibouti,DJI,Other,2020,6685207,29983416,29983416,22%,0,
1004,Uganda Intersectoral COVID-19 Response Plan 2020,Uganda,UGA,Other,2020,32588509,200157127,200157127,16%,0,
1005,Republic of Congo Intersectoral COVID-19 Response Plan 2020,Congo,COG,Other,2020,1679525,11989124,11989124,14%,0,
1006,Famine Prevention COVID-19 2020,"Global, Afghanistan, Angola, Bangladesh, Burundi, Benin, Burkina Faso, Cameroon, Central African Republic, Chad, Colombia, Djibouti, Korea, Democratic People's Republic of, Congo, The Democratic Republic of the, Ecuador, Egypt, Ethiopia, Haiti, Iran, Islamic Republic of, Iraq, Jordan, Kenya, Lebanon, Lesotho, Liberia, Libya, Mali, Mozambique, Myanmar, Niger, Nigeria, occupied Palestinian territory, Pakistan, Philippines, Rwanda, Sierra Leone, Somalia, South Sudan, Sudan, Syrian Arab Republic, Tanzania, United Republic of, Togo, Türkiye, Uganda, Ukraine, Venezuela, Bolivarian Republic of, Yemen, Zambia, Zimbabwe","NA, AFG, AGO, BGD, BDI, BEN, BFA, CMR, CAF, TCD, COL, DJI, PRK, COD, ECU, EGY, ETH, HTI, IRN, IRQ, JOR, KEN, LBN, LSO, LBR, LBY, MLI, MOZ, MMR, NER, NGA, PSE, PAK, PHL, RWA, SLE, SOM, SSD, SDN, SYR, TZA, TGO, TUR, UGA, UKR, VEN, YEM, ZMB, ZWE",Other,2020,37000000,500000000,500000000,7%,0,
1007,Unallocated supplementary NGO envelope COVID-19 2020,"Bangladesh, Zimbabwe, Venezuela, Bolivarian Republic of, Ukraine","BGD, ZWE, VEN, UKR",Other,2020,6509855,300000000,300000000,2%,0,
1008,Regional Migrant Response Plan for the Horn of Africa and Yemen 2020,"Djibouti, Yemen, Ethiopia, Somalia","DJI, YEM, ETH, SOM",Regional response plan,2020,15568790,76481799,43340000,36%,0,
1009,Lebanon Flash Appeal 2020,Lebanon,LBN,Flash appeal,2020,159039651,0,196609142,81%,0,
1010,Jordan Intersectoral COVID-19 Response Plan 2020,Jordan,JOR,Other,2020,18304277,52845731,52845731,35%,0,
1011,Somalia Humanitarian Response Plan 2021,Somalia,SOM,Humanitarian response plan,2021,854713702,1092121872,1092121872,78%,1951110,
1012,Occupied Palestinian Territory 2021,occupied Palestinian territory,PSE,Humanitarian response plan,2021,386519298,417567330,417567330,93%,0,
1013,South Sudan Humanitarian Response Plan 2021,South Sudan,SSD,Humanitarian response plan,2021,1232863110,1677772788,1677772788,73%,0,
1014,Sudan Humanitarian Response Plan 2021,Sudan,SDN,Humanitarian response plan,2021,715841529,1939730880,1939730880,37%,5630631,
1015,Ukraine Humanitarian Response Plan 2021,Ukraine,UKR,Humanitarian response plan,2021,101695152,167982922,167982922,61%,0,
1016,Colombia Plan de Respuesta Humanitario 2021,Colombia,COL,Humanitarian response plan,2021,86108652,180718685,174010305,49%,1304615,
1017,Burundi Regional Refugee Response Plan 2021,"Uganda, Tanzania, United Republic of, Rwanda","UGA, TZA, RWA",Regional response plan,2021,19327874,190668679,190668679,10%,0,
1018,Democratic Republic of the Congo Regional Refugee Response Plan 2021,"Burundi, Zambia, Uganda, Tanzania, United Republic of, Rwanda, Congo, Angola","BDI, ZMB, UGA, TZA, RWA, COG, AGO",Regional response plan,2021,65875516,534319123,534319123,12%,0,
1019,South Sudan Regional Refugee Response Plan 2021,"Ethiopia, Kenya, Uganda","ETH, KEN, UGA",Regional response plan,2021,155524311,866908168,866908168,18%,0,
1020,Syrian Arab Republic Refugee Response and Resilience Plan (3RP) 2021,"Egypt, Türkiye, Lebanon, Iraq, Jordan","EGY, TUR, LBN, IRQ, JOR",Regional response plan,2021,1623511549,5852037239,5832737574,28%,0,
1021,Refugee and Migrant Response Plan for Venezuela 2021 (RMRP),"Peru, Uruguay, Guyana, Argentina, Curaçao, Aruba, Paraguay, Costa Rica, Bolivia, Plurinational State of, Panama, Trinidad and Tobago, Dominican Republic, Chile, Mexico, Colombia, Brazil, Ecuador","PER, URY, GUY, ARG, CUW, ABW, PRY, CRI, BOL, PAN, TTO, DOM, CHL, MEX, COL, BRA, ECU",Regional response plan,2021,596895161,0,1439234410,41%,1392868,
1023,Bangladesh: Rohingya Refugee Crisis Joint Response Plan 2021,Bangladesh,BGD,Other,2021,681289721,943123350,943123350,72%,0,
1024,Yemen Humanitarian Response Plan 2021,Yemen,YEM,Humanitarian response plan,2021,2376930396,3853400000,3853456397,62%,0,
1025,République Centrafricaine Plan de Réponse Humanitaire 2021,Central African Republic,CAF,Humanitarian response plan,2021,415475177,444760000,444760000,93%,2330466,
1026,République Démocratique du Congo Plan de Réponse Humanitaire 2021,"Congo, The Democratic Republic of the",COD,Humanitarian response plan,2021,853928527,1984303303,1984303303,43%,0,
1027,Libya Humanitarian Response Plan 2021,Libya,LBY,Humanitarian response plan,2021,155156497,189122124,189122124,82%,0,
1028,Tchad Plan de Réponse Humanitaire 2021,Chad,TCD,Humanitarian response plan,2021,221282962,617039077,617522407,36%,0,
1029,Venezuela Plan de Respuesta Humanitario 2021,"Venezuela, Bolivarian Republic of",VEN,Humanitarian response plan,2021,263320591,708098081,708098081,37%,0,
1030,Cameroon Humanitarian Response Plan  2021,Cameroon,CMR,Humanitarian response plan,2021,194702058,361554315,361554315,54%,125000,
1031,Afghanistan Humanitarian Response Plan 2021,Afghanistan,AFG,Humanitarian response plan,2021,844829396,1281635457,868666483,97%,0,
1032,Nigeria Humanitarian Response Plan 2021,Nigeria,NGA,Humanitarian response plan,2021,716515658,1005897038,1005897038,71%,0,
1033,Niger Plan de Réponse Humanitaire 2021,Niger,NER,Humanitarian response plan,2021,262793610,523063280,523063280,50%,0,
1034,Pakistan Humanitarian Response Plan 2021,Pakistan,PAK,Humanitarian response plan,2021,344045444,332043165,332043165,104%,0,
1035,Iraq Humanitarian Response Plan 2021,Iraq,IRQ,Humanitarian response plan,2021,386295770,607196803,607196803,64%,0,
1036,Mali Plan de Réponse Humanitaire 2021,Mali,MLI,Humanitarian response plan,2021,220818043,563286869,563286869,39%,0,
1037,Burkina Faso Plan de Réponse Humanitaire 2021,Burkina Faso,BFA,Humanitarian response plan,2021,304091606,607875894,607875894,50%,0,
1038,Regional Migrant Humanitarian Response Plan for the Horn of Africa and Yemen 2021,"Yemen, Ethiopia, Somalia, Djibouti","YEM, ETH, SOM, DJI",Regional response plan,2021,37369776,68193940,68193940,55%,0,
1039,Burundi Plan de Réponse Humanitaire 2021,Burundi,BDI,Humanitarian response plan,2021,90487828,194684000,194684000,46%,0,
1040,Mozambique Humanitarian Response Plan 2021,Mozambique,MOZ,Humanitarian response plan,2021,197227843,253490356,254080356,78%,0,
1041,Ethiopia Humanitarian Response Plan 2021,Ethiopia,ETH,Humanitarian response plan,2021,694183575,1488027181,1488027181,47%,0,
1042,Zimbabwe Humanitarian Response Plan 2021,Zimbabwe,ZWE,Humanitarian response plan,2021,86003940,506769226,506769226,17%,0,
1043,Haiti Plan de Réponse Humanitaire 2021,Haiti,HTI,Humanitarian response plan,2021,64211730,235595167,235595167,27%,0,
1044,Syrian Arab Republic Humanitarian Response Plan 2021,Syrian Arab Republic,SYR,Humanitarian response plan,2021,2272676036,4224416702,4224416702,54%,0,
1045,Honduras Flash Appeal 2020-2021,Honduras,HND,Flash appeal,2021,86112279,69210000,90089849,96%,0,
1046,Myanmar Humanitarian Response Plan 2021,Myanmar,MMR,Humanitarian response plan,2021,234717538,276455939,276455939,85%,0,
1047,Madagascar's Grand Sud Flash Appeal 2021,Madagascar,MDG,Flash appeal,2021,118558209,75863438,166188813,71%,0,
1048,Nepal Covid-19 Response Plan 2021,Nepal,NPL,Other,2021,5023169,83624000,83621252,6%,0,
1049,Escalation of Hostilities in the OPT  Flash Appeal 2021,occupied Palestinian territory,PSE,Flash appeal,2021,60829879,0,95062068,64%,0,
1050,Lebanon Emergency Response Plan 2021,Lebanon,LBN,Other,2021,133934750,167976726,167976726,80%,0,
1051,Myanmar Interim Emergency Response Plan 2021,Myanmar,MMR,Other,2021,15756321,109161826,109161826,14%,0,
1052,Guatemala Plan de Respuesta Humanitario 2021,Guatemala,GTM,Humanitarian response plan,2021,38144942,56291832,56291832,68%,0,
1053,Honduras Plan de Respuesta Humanitario 2021,Honduras,HND,Humanitarian response plan,2021,22004733,221424684,66138378,33%,0,
1054,El Salvador Plan de Respuesta Humanitario 2021,El Salvador,SLV,Humanitarian response plan,2021,22057330,42156698,42156698,52%,0,
1055,Northern Ethiopia Response Plan 2021,Ethiopia,ETH,Other,2021,673845412,956952000,956952000,70%,0,
1056,Haiti Flash Appeal 2021,Haiti,HTI,Flash appeal,2021,76117446,187295000,187295000,41%,0,
1057,Afghanistan Flash Appeal 2021,Afghanistan,AFG,Flash appeal,2021,1033535692,606261163,606261163,170%,0,
1059,Occupied Palestinian Territory Humanitarian Response Plan 2022,occupied Palestinian territory,PSE,Humanitarian response plan,2022,400486290,509872202,509872202,79%,685459,
1060,Libya Humanitarian Response Plan 2022,Libya,LBY,Humanitarian response plan,2022,94107677,75287520,113799273,83%,0,
1061,Afghanistan Situation Regional Refugee Response Plan 2022,"Pakistan, Turkmenistan, Uzbekistan, Tajikistan, Iran, Islamic Republic of","PAK, TKM, UZB, TJK, IRN",Regional response plan,2022,139918766,623415539,623415539,22%,0,
1062,Nigeria Humanitarian Response Plan 2022,Nigeria,NGA,Humanitarian response plan,2022,760775568,1127211641,1127211641,67%,0,
1063,Somalia Humanitarian Response Plan 2022,Somalia,SOM,Humanitarian response plan,2022,1926736003,0,2267407090,85%,0,
1064,République Centrafricaine Plan de Réponse Humanitaire 2022,Central African Republic,CAF,Humanitarian response plan,2022,444123463,461253975,461253975,96%,698000,
1066,Regional Migrant Response Plan for the Horn of Africa and Yemen 2022,"Somalia, Ethiopia, Djibouti, Yemen","SOM, ETH, DJI, YEM",Regional response plan,2022,40454708,40259330,41579330,97%,0,
1067,Madagascar Flash Appeal 2022,Madagascar,MDG,Flash appeal,2022,186182479,64518126,219267779,85%,0,
1068,Sudan Humanitarian Response Plan 2022,Sudan,SDN,Humanitarian response plan,2022,1046781725,1936697740,1936697740,54%,4540295,
1069,Venezuela Regional Refugee and Migrant Response Plan (RMRP) 2022,"Uruguay, Trinidad and Tobago, Paraguay, Panama, Mexico, Guyana, Ecuador, Dominican Republic, Curaçao, Costa Rica, Chile, Brazil, Bolivia, Plurinational State of, Aruba, Argentina, Colombia, Peru","URY, TTO, PRY, PAN, MEX, GUY, ECU, DOM, CUW, CRI, CHL, BRA, BOL, ABW, ARG, COL, PER",Regional response plan,2022,637513160,1786198773,1786198773,36%,0,
1071,South Sudan Regional Refugee Response Plan 2022,"Ethiopia, Kenya, Uganda","ETH, KEN, UGA",Regional response plan,2022,672492737,873323126,873323126,77%,0,
1072,Syrian Arab Republic Regional Refugee and Resilience Plan (3RP) 2022,"Lebanon, Jordan, Iraq, Türkiye, Egypt","LBN, JOR, IRQ, TUR, EGY",Regional response plan,2022,2094822492,6080899576,6080899576,34%,0,
1073,Kenya Drought Flash Appeal 2021,Kenya,KEN,Flash appeal,2021,25373430,0,69749280,36%,0,
1075,Burundi Plan de Réponse Humanitaire 2022,Burundi,BDI,Humanitarian response plan,2022,95306640,182414025,182414025,52%,0,
1076,Mali Plan de Réponse Humanitaire 2022,Mali,MLI,Humanitarian response plan,2022,277078817,685734819,685734819,40%,0,
1077,Yemen Humanitarian Response Plan 2022,Yemen,YEM,Humanitarian response plan,2022,2288872223,4271938417,4271938417,54%,0,
1078,Niger Plan de Réponse Humanitaire 2022,Niger,NER,Humanitarian response plan,2022,388795166,552598446,552598446,70%,0,
1079,Ethiopia Humanitarian Response Plan 2022,Ethiopia,ETH,Humanitarian response plan,2022,1650934387,3335002211,3335002211,50%,0,
1080,Cameroon Humanitarian Response Plan 2022,Cameroon,CMR,Humanitarian response plan,2022,208677585,376046051,376046051,55%,0,
1082,Rohingya Humanitarian Crisis Joint Response Plan 2022,Bangladesh,BGD,Other,2022,555558386,881030780,881030780,63%,0,
1083,Iraq Humanitarian Response Plan 2022,Iraq,IRQ,Humanitarian response plan,2022,336268798,400004347,400004347,84%,0,
1084,El Salvador Plan de Respuesta Humanitario 2022,El Salvador,SLV,Humanitarian response plan,2022,31497758,114317607,114317607,28%,0,
1085,Guatemala Plan de Respuesta Humanitario 2022,Guatemala,GTM,Humanitarian response plan,2022,56721189,153531304,153531304,37%,0,
1086,Honduras Plan de Respuesta Humanitario 2022,Honduras,HND,Humanitarian response plan,2022,67962971,155296363,155296363,44%,0,
1087,Burkina Faso Plan de Réponse Humanitaire 2022,Burkina Faso,BFA,Humanitarian response plan,2022,339840230,0,805099698,42%,0,
1088,Syrian Arab Republic Humanitarian Response Plan 2022 - 2023,Syrian Arab Republic,SYR,Humanitarian response plan,2022,2200707318,4443672111,4443672111,50%,6560942,
1090,Colombia Plan de Respuesta Humanitario 2022,Colombia,COL,Humanitarian response plan,2022,108573399,284367066,282854048,38%,315000,
1091,Tchad Plan de Réponse Humanitaire 2022,Chad,TCD,Humanitarian response plan,2022,309389671,510909899,510909899,61%,0,
1092,Democratic Republic of the Congo Regional Refugee Response Plan 2022,"Angola, Congo, Rwanda, Zambia, Tanzania, United Republic of, Uganda","AGO, COG, RWA, ZMB, TZA, UGA",Regional response plan,2022,205833850,595687989,595687989,35%,0,
1093,République Démocratique du Congo Plan de Réponse Humanitaire 2022,"Congo, The Democratic Republic of the",COD,Humanitarian response plan,2022,958807620,1881674597,1881674597,51%,0,
1094,Mozambique Humanitarian Response Plan 2022,Mozambique,MOZ,Humanitarian response plan,2022,283168903,388499803,388499803,73%,0,
1095,Myanmar Humanitarian Response Plan 2022,Myanmar,MMR,Humanitarian response plan,2022,342842123,825698032,825698032,42%,0,
1096,Haiti Plan de Réponse Humanitaire 2022,Haiti,HTI,Humanitarian response plan,2022,186426247,373165734,373165734,50%,0,
1097,Venezuela Plan de Respuesta Humanitario 2022,"Venezuela, Bolivarian Republic of",VEN,Humanitarian response plan,2022,276321366,797115748,797115748,35%,0,
1098,South Sudan Humanitarian Response Plan 2022,South Sudan,SSD,Humanitarian response plan,2022,1217910038,1699588587,1699588587,72%,0,
1099,Lebanon Emergency Response Plan 2022,Lebanon,LBN,Other,2022,286214820,215035166,378175867,76%,0,
1100,Afghanistan Humanitarian Response Plan 2022,Afghanistan,AFG,Humanitarian response plan,2022,3239578993,4442200000,4442200000,73%,0,
1101,Philippines: Super Typhoon Rai (Odette) - Humanitarian Needs and Priorities 2022,Philippines,PHL,Other,2022,92795648,107249962,168906963,55%,2000000,
1102,Ukraine Flash Appeal 2022,Ukraine,UKR,Flash appeal,2022,3659708552,1139900000,4292463880,85%,2173913,
1103,Ukraine Situation Regional Refugee Response Plan 2022,"Hungary, Poland, Romania, Moldova, Republic of, Slovakia","HUN, POL, ROU, MDA, SVK",Regional response plan,2022,953298387,550649000,1850500037,52%,0,
1104,Malawi Flash Appeal 2022,Malawi,MWI,Flash appeal,2022,19961852,0,29450000,68%,0,
1105,Kenya Drought Flash Appeal 2022,Kenya,KEN,Flash appeal,2022,178864112,250461585,289641587,62%,0,
1106,Mozambique Gombe Emergency Response Plan 2022,Mozambique,MOZ,Flash appeal,2022,17721867,48073854,48073854,37%,0,
1107,Sri Lanka Multi-Dimensional Crisis - Humanitarian Needs and Priorities 2022,Sri Lanka,LKA,Other,2022,123651640,47226143,149692653,83%,20000,
1108,Pakistan Floods Response Plan 2022,Pakistan,PAK,Other,2022,333089620,160325075,472308627,71%,0,
1109,Occupied Palestinian Territory Humanitarian Response Plan 2023,occupied Palestinian territory,PSE,Humanitarian response plan,2023,56362161,502305601,502305601,11%,0,
1110,Nigeria Humanitarian Response Plan 2023,Nigeria,NGA,Humanitarian response plan,2023,104439346,1311953516,1311953516,8%,0,
1111,South Sudan Humanitarian Response Plan 2023,South Sudan,SSD,Humanitarian response plan,2023,392614890,1699905216,1699905216,23%,0,
1112,Burkina Faso Plan de Réponse Humanitaire 2023,Burkina Faso,BFA,Humanitarian response plan,2023,81351884,876731475,876731475,9%,0,
1113,République Démocratique du Congo Plan de Réponse Humanitaire 2023,"Congo, The Democratic Republic of the",COD,Humanitarian response plan,2023,233370756,2252684083,2252684083,10%,0,
1114,Syrian Arab Republic Humanitarian Response Plan 2023,Syrian Arab Republic,SYR,Humanitarian response plan,2023,316898830,4813900334,4813900334,7%,445526,
1115,Cameroon Humanitarian Response Plan 2023,Cameroon,CMR,Humanitarian response plan,2023,0,0,413600000,0%,0,Estimated requirements
1116,Yemen Humanitarian Response Plan 2023,Yemen,YEM,Humanitarian response plan,2023,455837380,4344155316,4344155316,10%,0,
1117,Afghanistan Humanitarian Response Plan 2023,Afghanistan,AFG,Humanitarian response plan,2023,250052276,4627363573,4627363573,5%,0,
1118,Afghanistan Situation Regional Refugee Response Plan 2023,"Pakistan, Uzbekistan, Tajikistan, Turkmenistan, Iran, Islamic Republic of","PAK, UZB, TJK, TKM, IRN",Regional response plan,2023,12902442,613012986,613012986,2%,0,
1119,Democratic Republic of the Congo Regional Refugee Response Plan 2023,"Angola, Congo, Uganda, Rwanda, Tanzania, United Republic of, Zambia","AGO, COG, UGA, RWA, TZA, ZMB",Regional response plan,2023,25760868,549404765,549404765,5%,0,
1120,Regional Migrant Response Plan for the Horn of Africa and Yemen 2023,"Djibouti, Ethiopia, Yemen, Somalia","DJI, ETH, YEM, SOM",Regional response plan,2023,7974974,60414277,60414277,13%,0,
1121,Haiti Plan de Réponse Humanitaire 2023,Haiti,HTI,Humanitarian response plan,2023,0,0,714800000,0%,0,Estimated requirements
1122,Mali Plan de Réponse Humanitaire 2023,Mali,MLI,Humanitarian response plan,2023,59880648,751470941,751470941,8%,0,
1123,Sudan Humanitarian Response Plan 2023,Sudan,SDN,Humanitarian response plan,2023,225957624,1747427478,1747427478,13%,0,
1124,Ukraine Humanitarian Response Plan 2023,Ukraine,UKR,Humanitarian response plan,2023,781364435,3945656687,3945656687,20%,0,
1125,South Sudan Regional Refugee Response Plan 2023,"Kenya, Ethiopia, Uganda","KEN, ETH, UGA",Regional response plan,2023,93650454,950234784,950234784,10%,0,
1126,Syrian Arab Republic Regional Refugee and Resilience Plan (3RP) 2023,"Jordan, Türkiye, Egypt, Lebanon, Iraq","JOR, TUR, EGY, LBN, IRQ",Regional response plan,2023,0,5695852110,5695852110,0%,0,Requirements taken from Regional Strategic Overview 2023
1127,Ukraine Situation Regional Refugee Response Plan 2023,"Slovakia, Moldova, Republic of, Romania, Poland, Hungary","SVK, MDA, ROU, POL, HUN",Regional response plan,2023,89802292,0,1816471025,5%,0,
1128,Ethiopia Humanitarian Response Plan 2023,Ethiopia,ETH,Humanitarian response plan,2023,735434674,3994813508,3994813508,18%,0,
1129,Venezuela Regional Refugee and Migrant Response Plan (RMRP) 2023,"Peru, Colombia, Argentina, Aruba, Bolivia, Plurinational State of, Brazil, Chile, Costa Rica, Curaçao, Dominican Republic, Ecuador, Guyana, Mexico, Panama, Trinidad and Tobago, Paraguay, Uruguay","PER, COL, ARG, ABW, BOL, BRA, CHL, CRI, CUW, DOM, ECU, GUY, MEX, PAN, TTO, PRY, URY",Regional response plan,2023,91340373,1715042189,1715042189,5%,0,
1130,République Centrafricaine Plan de Réponse Humanitaire 2023,Central African Republic,CAF,Humanitarian response plan,2023,75791839,464843805,464843805,16%,0,
1131,Mozambique Humanitarian Response Plan 2023,Mozambique,MOZ,Humanitarian response plan,2023,61969681,512912994,512912994,12%,0,
1132,Myanmar Humanitarian Response Plan 2023,Myanmar,MMR,Humanitarian response plan,2023,64618030,764284069,764284069,8%,0,
1133,Somalia Humanitarian Response Plan 2023,Somalia,SOM,Humanitarian response plan,2023,346974018,2599161218,2599161218,13%,0,
1134,Lebanon Emergency Response Plan 2023,Lebanon,LBN,Other,2023,0,600000000,600000000,0%,0,Estimated requirements
1135,Venezuela Plan de Respuesta Humanitario 2023,"Venezuela, Bolivarian Republic of",VEN,Humanitarian response plan,2023,56762479,719581691,719581691,8%,0,
1136,Madagascar Flash Appeal 2023,Madagascar,MDG,Flash appeal,2023,21307741,201625804,201625804,11%,0,
1137,Kenya Drought Response Plan 2023,Kenya,KEN,Flash appeal,2023,49640655,451825224,451825224,11%,0,
1138,El Salvador Plan de Respuesta Humanitario 2023,El Salvador,SLV,Humanitarian response plan,2023,12145529,98416155,98416155,12%,0,
1139,Guatemala Plan de Respuesta Humanitario 2023,Guatemala,GTM,Humanitarian response plan,2023,10943658,126145348,126145348,9%,0,
1140,Pakistan Floods Response Plan 2023,Pakistan,PAK,Other,2023,143412926,344007921,344007921,42%,0,
1141,Tchad Plan de Réponse Humanitaire 2023,Chad,TCD,Humanitarian response plan,2023,0,570000000,570000000,0%,0,Estimated requirements
1142,Colombia Plan de Respuesta Humanitario 2023,Colombia,COL,Humanitarian response plan,2023,27661624,283317893,283317893,10%,0,
1143,Rohingya Humanitarian Crisis Joint Response Plan 2023,Bangladesh,BGD,Regional response plan,2023,104525909,875927365,875927365,12%,0,
1144,Honduras Plan de Respuesta Humanitario 2023,Honduras,HND,Humanitarian response plan,2023,26630345,280360869,280360869,9%,0,
1145,Niger Plan de Réponse Humanitaire 2023,Niger,NER,Humanitarian response plan,2023,68152975,583906619,583906619,12%,0,
1146,Cuba - Plan of Action: United Nations System 2022,Cuba,CUB,Other,2022,7755007,41817107,41817107,19%,0,
1147,Haiti Cholera+ Flash Appeal 2022,Haiti,HTI,Flash appeal,2022,14002224,145600234,145600234,10%,0,
1148,Burundi Plan de Réponse Humanitaire 2023,Burundi,BDI,Humanitarian response plan,2023,31318624,194245176,194245176,16%,0,
1149,Syria Earthquake Flash Appeal 2023,Syrian Arab Republic,SYR,Flash appeal,2023,380306728,0,397623464,96%,0,
1150,Türkiye Earthquake Flash Appeal 2023,Türkiye,TUR,Flash appeal,2023,293756958,1006573130,1006573133,29%,0,
1151,Malawi Cholera and Floods Flash Appeal 2023,Malawi,MWI,Flash appeal,2023,19727749,0,115945732,17%,0,
1152,MONGOLIA Early Action & Response Plan 2023,Mongolia,MNG,Other,2023,323259,5154000,5154000,6%,0,
